﻿<?xml version="1.0" encoding="utf-8" standalone="yes"?>
<addon id="plugin.video.thestandardwiz" name="The Standard Wizard" version="1.0.3" provider-name="The Standard Media Solutions">
  <requires>
    <import addon="xbmc.python" version="2.1.0" />
    <import addon="script.module.addon.common" />
  </requires>
  <extension point="xbmc.python.pluginsource" library="default.py">
    <provides>video executable</provides>
  </extension>
  <extension point="xbmc.addon.metadata">
    <summary lang="en">The Standard Wizard</summary>
    <description lang="en">The Standard Wizard provides easy access to The Standard Builds at the click of a button,
Thanks to all Devs who have contributed to this project!</description>
    <platform>all</platform>
  </extension>
</addon>